1,"fonts.googleapis.com",10
2,"facebook.com",10
3,"twitter.com",10
4,"google.com",10
5,"youtube.com",10
6,"s.w.org",10
7,"instagram.com",10
8,"googletagmanager.com",10
9,"linkedin.com",10
10,"ajax.googleapis.com",10
11,"plus.google.com",10
12,"gmpg.org",10
13,"pinterest.com",9.63
14,"fonts.gstatic.com",9.6
15,"wordpress.org",9.54
16,"en.wikipedia.org",9.54
17,"youtu.be",9.47
18,"maps.google.com",9.3
19,"itunes.apple.com",9.21
20,"github.com",9.18
21,"bit.ly",9.11
22,"play.google.com",9.07
23,"goo.gl",9.03
24,"docs.google.com",9.02
25,"cdnjs.cloudflare.com",8.99
26,"vimeo.com",8.98
27,"support.google.com",8.87
28,"google-analytics.com",8.8
29,"maps.googleapis.com",8.79
30,"flickr.com",8.76
31,"vk.com",8.74
32,"t.co",8.72
33,"reddit.com",8.69
34,"amazon.com",8.66
35,"medium.com",8.64
36,"sites.google.com",8.57
37,"drive.google.com",8.51
38,"creativecommons.org",8.47
39,"microsoft.com",8.47
40,"developers.google.com",8.46
41,"adobe.com",8.44
42,"soundcloud.com",8.41
43,"theguardian.com",8.38
44,"apis.google.com",8.35
45,"ec.europa.eu",8.33
46,"lh3.googleusercontent.com",8.3
47,"chrome.google.com",8.28
48,"cloudflare.com",8.27
49,"nytimes.com",8.26
50,"maxcdn.bootstrapcdn.com",8.25
51,"support.microsoft.com",8.25
52,"blogger.com",8.25
53,"forbes.com",8.24
54,"s3.amazonaws.com",8.23
55,"code.jquery.com",8.23
56,"dropbox.com",8.19
57,"translate.google.com",8.15
58,"paypal.com",8.14
59,"apps.apple.com",8.14
60,"tinyurl.com",8.12
61,"etsy.com",8.1
62,"theatlantic.com",8.09
63,"m.facebook.com",8.08
64,"archive.org",8.05
65,"amzn.to",8.04
66,"cnn.com",8.04
67,"policies.google.com",8.02
68,"commons.wikimedia.org",8.02
69,"issuu.com",8.01
70,"i.imgur.com",8
71,"wordpress.com",8
72,"wp.me",7.99
73,"businessinsider.com",7.98
74,"yelp.com",7.98
75,"mail.google.com",7.98
76,"support.apple.com",7.97
77,"t.me",7.94
78,"apple.com",7.92
79,"washingtonpost.com",7.92
80,"bbc.com",7.92
81,"gstatic.com",7.92
82,"imgur.com",7.91
83,"amazon.de",7.91
84,"bbc.co.uk",7.9
85,"googleads.g.doubleclick.net",7.9
86,"mozilla.org",7.89
87,"eventbrite.com",7.89
88,"slideshare.net",7.88
89,"w3.org",7.87
90,"forms.gle",7.86
91,"platform.twitter.com",7.85
92,"accounts.google.com",7.84
93,"telegraph.co.uk",7.82
94,"messenger.com",7.82
95,"web.archive.org",7.81
96,"secure.gravatar.com",7.81
97,"usatoday.com",7.79
98,"huffingtonpost.com",7.78
99,"stackoverflow.com",7.78
100,"fb.com",7.78
101,"npr.org",7.78
102,"techcrunch.com",7.76
103,"wired.com",7.75
104,"eepurl.com",7.74
105,"reuters.com",7.74
106,"arxiv.org",7.74
107,"i0.wp.com",7.73
108,"finance.yahoo.com",7.73
109,"player.vimeo.com",7.73
110,"amazon.fr",7.71
111,"developer.mozilla.org",7.69
112,"tumblr.com",7.68
113,"cnbc.com",7.67
114,"booking.com",7.67
115,"zoom.us",7.67
116,"tools.google.com",7.67
117,"wa.me",7.66
118,"paypal.me",7.65
119,"slack.com",7.64
120,"adwords.google.com",7.64
121,"independent.co.uk",7.63
122,"discord.gg",7.63
123,"open.spotify.com",7.63
124,"tripadvisor.com",7.62
125,"gsuite.google.com",7.6
126,"behance.net",7.6
127,"thinkwithgoogle.com",7.6
128,"who.int",7.59
129,"cloud.google.com",7.59
130,"calendar.google.com",7.59
131,"ibm.com",7.59
132,"analytics.google.com",7.58
133,"lh5.googleusercontent.com",7.58
134,"docs.microsoft.com",7.56
135,"groups.google.com",7.55
136,"mixcloud.com",7.55
137,"google.co.in",7.54
138,"latimes.com",7.54
139,"gist.github.com",7.54
140,"download.macromedia.com",7.54
141,"dailymail.co.uk",7.54
142,"myaccount.google.com",7.54
143,"line.me",7.54
144,"unsplash.com",7.53
145,"addons.mozilla.org",7.52
146,"msdn.microsoft.com",7.52
147,"storage.googleapis.com",7.52
148,"pagead2.googlesyndication.com",7.52
149,"cdn.jsdelivr.net",7.52
150,"g.co",7.51
151,"meetup.com",7.51
152,"bloomberg.com",7.51
153,"books.google.com",7.51
154,"vox.com",7.5
155,"imdb.com",7.5
156,"arstechnica.com",7.5
157,"support.mozilla.org",7.5
158,"amazon.co.uk",7.5
159,"statista.com",7.49
160,"google.ca",7.48
161,"nbcnews.com",7.48
162,"steemit.com",7.48
163,"upload.wikimedia.org",7.48
164,"aws.amazon.com",7.47
165,"amazon.co.jp",7.47
166,"w3schools.com",7.47
167,"weibo.com",7.47
168,"twitch.tv",7.46
169,"moz.com",7.46
170,"drupal.org",7.45
171,"nypost.com",7.45
172,"fr.wikipedia.org",7.45
173,"ebay.com",7.45
174,"sourceforge.net",7.45
175,"godaddy.com",7.45
176,"ncbi.nlm.nih.gov",7.44
177,"wsj.com",7.44
178,"thenextweb.com",7.43
179,"cdc.gov",7.43
180,"photos.google.com",7.43
181,"trends.google.com",7.43
182,"opera.com",7.42
183,"ftc.gov",7.42
184,"j.mp",7.41
185,"about.me",7.41
186,"gov.uk",7.4
187,"i.ytimg.com",7.4
188,"squareup.com",7.39
189,"google.co.uk",7.39
190,"buzzfeed.com",7.38
191,"developer.apple.com",7.38
192,"pixabay.com",7.37
193,"quora.com",7.37
194,"cnet.com",7.36
195,"google.com.au",7.36
196,"myspace.com",7.36
197,"theglobeandmail.com",7.36
198,"shopify.com",7.35
199,"whitehouse.gov",7.35
200,"marketingplatform.google.com",7.35
201,"kickstarter.com",7.35
202,"freelancer.com",7.35
203,"evernote.com",7.33
204,"gmail.com",7.33
205,"static.wixstatic.com",7.33
206,"fortune.com",7.33
207,"wix.com",7.33
208,"dailymotion.com",7.32
209,"goodreads.com",7.32
210,"podcasts.google.com",7.31
211,"google.co.jp",7.31
212,"support.cloudflare.com",7.3
213,"surveymonkey.com",7.3
214,"cbsnews.com",7.3
215,"entrepreneur.com",7.3
216,"bing.com",7.3
217,"engadget.com",7.29
218,"lh4.googleusercontent.com",7.28
219,"tandfonline.com",7.27
220,"cargocollective.com",7.27
221,"join.slack.com",7.27
222,"api.whatsapp.com",7.26
223,"shutterstock.com",7.26
224,"pbs.twimg.com",7.26
225,"blog.google",7.26
226,"ads.google.com",7.26
227,"time.com",7.25
228,"lifehacker.com",7.25
229,"patreon.com",7.25
230,"scribd.com",7.25
231,"lh6.googleusercontent.com",7.24
232,"feeds.feedburner.com",7.24
233,"trello.com",7.24
234,"ted.com",7.24
235,"helpx.adobe.com",7.23
236,"researchgate.net",7.22
237,"fda.gov",7.22
238,"instructables.com",7.22
239,"google.de",7.22
240,"digitalocean.com",7.21
241,"dribbble.com",7.21
242,"ssl.gstatic.com",7.21
243,"variety.com",7.2
244,"indiegogo.com",7.2
245,"salesforce.com",7.2
246,"uk.linkedin.com",7.2
247,"nasa.gov",7.2
248,"codepen.io",7.19
249,"newyorker.com",7.19
250,"abcnews.go.com",7.19
251,"snapchat.com",7.19
252,"googleadservices.com",7.19
253,"sciencedirect.com",7.19
254,"ft.com",7.18
255,"nature.com",7.18
256,"gofundme.com",7.17
257,"500px.com",7.17
258,"qz.com",7.17
259,"dl.dropboxusercontent.com",7.17
260,"store.steampowered.com",7.17
261,"webmasters.googleblog.com",7.17
262,"podcasts.apple.com",7.17
263,"oracle.com",7.16
264,"m.youtube.com",7.16
265,"gartner.com",7.16
266,"web.facebook.com",7.15
267,"blogs.msdn.com",7.15
268,"mailchi.mp",7.15
269,"digg.com",7.14
270,"skype.com",7.14
271,"periscope.tv",7.14
272,"google.com.br",7.14
273,"googleblog.blogspot.com",7.14
274,"de.wikipedia.org",7.14
275,"search.google.com",7.14
276,"npmjs.com",7.14
277,"motherboard.vice.com",7.14
278,"aboutads.info",7.14
279,"pexels.com",7.13
280,"sxsw.com",7.13
281,"fiverr.com",7.13
282,"code.google.com",7.13
283,"cbc.ca",7.13
284,"venturebeat.com",7.13
285,"hangouts.google.com",7.12
286,"mashable.com",7.12
287,"upwork.com",7.11
288,"bitly.com",7.11
289,"music.apple.com",7.11
290,"loc.gov",7.11
291,"news.google.com",7.1
292,"spotify.com",7.1
293,"netflix.com",7.1
294,"hbr.org",7.1
295,"pbs.org",7.09
296,"stumbleupon.com",7.09
297,"walmart.com",7.09
298,"foursquare.com",7.09
299,"amazon.ca",7.09
300,"tiny.cc",7.09
301,"services.google.com",7.09
302,"xkcd.com",7.09
303,"target.com",7.08
304,"developers.facebook.com",7.08
305,"nginx.com",7.08
306,"canva.com",7.08
307,"s7.addthis.com",7.08
308,"elmundo.es",7.08
309,"i2.wp.com",7.08
310,"gizmodo.com",7.08
311,"expedia.com",7.07
312,"picasaweb.google.com",7.07
313,"money.cnn.com",7.07
314,"timesofindia.indiatimes.com",7.07
315,"yandex.ru",7.07
316,"vice.com",7.07
317,"de-de.facebook.com",7.06
318,"pastebin.com",7.06
319,"samsung.com",7.06
320,"rt.com",7.06
321,"ifttt.com",7.06
322,"dev.mysql.com",7.06
323,"giphy.com",7.06
324,"use.fontawesome.com",7.06
325,"houzz.com",7.06
326,"developer.android.com",7.05
327,"wikipedia.org",7.05
328,"speakerdeck.com",7.05
329,"productforums.google.com",7.05
330,"digitaltrends.com",7.04
331,"steamcommunity.com",7.04
332,"canada.ca",7.04
333,"networkadvertising.org",7.04
334,"linktr.ee",7.04
335,"calendly.com",7.04
336,"lg.com",7.04
337,"yahoo.com",7.03
338,"last.fm",7.03
339,"amazon.es",7.03
340,"businesswire.com",7.03
341,"deezer.com",7.03
342,"dx.doi.org",7.03
343,"udemy.com",7.03
344,"edition.cnn.com",7.02
345,"1.bp.blogspot.com",7.02
346,"l.facebook.com",7.02
347,"dl.dropbox.com",7.02
348,"store.google.com",7.01
349,"gumroad.com",7.01
350,"azure.microsoft.com",7.01
351,"i1.wp.com",7
352,"ubuntu.com",7
353,"google.ru",7
354,"makeuseof.com",7
355,"raw.githubusercontent.com",7
356,"airbnb.com",6.99
357,"bluehost.com",6.99
358,"deviantart.com",6.99
359,"pewresearch.org",6.99
360,"google.cn",6.99
361,"profiles.google.com",6.98
362,"login.microsoftonline.com",6.98
363,"google.nl",6.98
364,"google.es",6.98
365,"fastcompany.com",6.98
366,"is.gd",6.97
367,"telegram.me",6.97
368,"mediafire.com",6.97
369,"themeforest.net",6.97
370,"openstreetmap.org",6.96
371,"pewinternet.org",6.96
372,"photos.app.goo.gl",6.96
373,"buff.ly",6.96
374,"events.google.com",6.96
375,"link.springer.com",6.96
376,"bizjournals.com",6.95
377,"residentadvisor.net",6.95
378,"golang.org",6.95
379,"vogue.com",6.95
380,"s3-eu-west-1.amazonaws.com",6.95
381,"boardgamegeek.com",6.95
382,"un.org",6.95
383,"i.redd.it",6.95
384,"ad.doubleclick.net",6.95
385,"ow.ly",6.94
386,"get.google.com",6.94
387,"pt.slideshare.net",6.94
388,"buffer.com",6.94
389,"mozilla.com",6.94
390,"chromium.org",6.94
391,"patheos.com",6.93
392,"ancestry.com",6.93
393,"youtube-nocookie.com",6.93
394,"barnesandnoble.com",6.93
395,"amzn.com",6.93
396,"hulu.com",6.93
397,"greenpeace.org",6.93
398,"spiegel.de",6.93
399,"apps.facebook.com",6.92
400,"census.gov",6.92
401,"app.box.com",6.92
402,"windows.microsoft.com",6.92
403,"yandex.com",6.92
404,"sketchfab.com",6.92
405,"avvo.com",6.92
406,"searchengineland.com",6.92
407,"shareasale.com",6.92
408,"abc.net.au",6.91
409,"trustpilot.com",6.91
410,"plaza.rakuten.co.jp",6.91
411,"marriott.com",6.91
412,"amazon.it",6.91
413,"ca.linkedin.com",6.9
414,"uber.com",6.9
415,"coursera.org",6.9
416,"adage.com",6.9
417,"foxnews.com",6.9
418,"flic.kr",6.89
419,"developer.chrome.com",6.89
420,"pl.wikipedia.org",6.89
421,"change.org",6.89
422,"spreaker.com",6.89
423,"filezilla-project.org",6.89
424,"flipboard.com",6.89
425,"pcworld.com",6.89
426,"news.yahoo.com",6.89
427,"pitchfork.com",6.88
428,"weforum.org",6.88
429,"istockphoto.com",6.88
430,"9to5mac.com",6.88
431,"1drv.ms",6.88
432,"uspto.gov",6.88
433,"irs.gov",6.87
434,"copyblogger.com",6.87
435,"example.com",6.87
436,"maps.google.co.jp",6.87
437,"fonts.google.com",6.87
438,"siteground.com",6.87
439,"sony.net",6.87
440,"ja.wikipedia.org",6.87
441,"creativemarket.com",6.87
442,"smithsonianmag.com",6.87
443,"mobile.twitter.com",6.87
444,"acm.org",6.87
445,"accenture.com",6.87
446,"git-scm.com",6.87
447,"bbb.org",6.86
448,"cdn.shopify.com",6.86
449,"schema.org",6.86
450,"psychologytoday.com",6.86
451,"redcross.org",6.86
452,"nodejs.org",6.86
453,"europa.eu",6.86
454,"ameblo.jp",6.86
455,"gitlab.com",6.86
456,"sciencemag.org",6.86
457,"hollywoodreporter.com",6.86
458,"freshbooks.com",6.86
459,"heise.de",6.86
460,"chicagotribune.com",6.86
461,"epa.gov",6.85
462,"anchor.fm",6.85
463,"telegram.org",6.85
464,"ikea.com",6.85
465,"bloglovin.com",6.84
466,"eventbrite.co.uk",6.84
467,"googlewebmastercentral.blogspot.com",6.84
468,"huffpost.com",6.84
469,"weebly.com",6.84
470,"producthunt.com",6.84
471,"google.fr",6.84
472,"click.linksynergy.com",6.84
473,"vanityfair.com",6.83
474,"diigo.com",6.83
475,"about.fb.com",6.83
476,"ouest-france.fr",6.83
477,"namecheap.com",6.83
478,"codecanyon.net",6.83
479,"appstore.com",6.83
480,"tools.ietf.org",6.83
481,"rockpapershotgun.com",6.82
482,"columbia.edu",6.82
483,"constantcontact.com",6.82
484,"webmd.com",6.82
485,"eur-lex.europa.eu",6.82
486,"aliexpress.com",6.82
487,"business.facebook.com",6.82
488,"material.io",6.82
489,"neilpatel.com",6.81
490,"discordapp.com",6.81
491,"m.me",6.81
492,"design.google",6.81
493,"francetvinfo.fr",6.81
494,"slashgear.com",6.81
495,"4shared.com",6.81
496,"python.org",6.81
497,"amazon.com.au",6.8
498,"storify.com",6.8
499,"elegantthemes.com",6.8
500,"europe1.fr",6.8
501,"pwc.com",6.8
502,"activecampaign.com",6.8
503,"freepik.com",6.8
504,"ravelry.com",6.8
505,"apnews.com",6.8
506,"propublica.org",6.79
507,"smugmug.com",6.79
508,"inc.com",6.79
509,"google.it",6.79
510,"zazzle.com",6.79
511,"dol.gov",6.79
512,"scoop.it",6.79
513,"bit.do",6.79
514,"yadi.sk",6.79
515,"eclipse.org",6.79
516,"economist.com",6.79
517,"xing.com",6.78
518,"hbo.com",6.78
519,"nationalgeographic.com",6.78
520,"jetbrains.com",6.78
521,"iconfinder.com",6.78
522,"cafepress.com",6.78
523,"strava.com",6.78
524,"es.wikipedia.org",6.78
525,"kiva.org",6.78
526,"doi.org",6.78
527,"boredpanda.com",6.78
528,"justgiving.com",6.78
529,"pinterest.ca",6.77
530,"stats.wp.com",6.77
531,"zdnet.com",6.77
532,"sproutsocial.com",6.77
533,"rebrand.ly",6.77
534,"ranker.com",6.77
535,"a.co",6.77
536,"waze.com",6.77
537,"nydailynews.com",6.77
538,"marketwatch.com",6.77
539,"mailchimp.com",6.77
540,"livescience.com",6.77
541,"flaticon.com",6.77
542,"ilpost.it",6.77
543,"connect.facebook.net",6.77
544,"4.bp.blogspot.com",6.77
545,"maps.google.co.nz",6.77
546,"s0.wp.com",6.77
547,"amazon.com.br",6.77
548,"ustream.tv",6.76
549,"lulu.com",6.76
550,"socialmediatoday.com",6.76
551,"market.android.com",6.76
552,"rollingstone.com",6.76
553,"journals.sagepub.com",6.76
554,"zillow.com",6.76
555,"xinhuanet.com",6.76
556,"affiliate-program.amazon.com",6.75
557,"politico.com",6.75
558,"pnas.org",6.75
559,"laughingsquid.com",6.75
560,"access.redhat.com",6.75
561,"s.ytimg.com",6.75
562,"it.linkedin.com",6.75
563,"dashlane.com",6.75
564,"copyright.gov",6.75
565,"news.bbc.co.uk",6.74
566,"mentalfloss.com",6.74
567,"zeit.de",6.74
568,"google.cz",6.74
569,"artsandculture.google.com",6.74
570,"startnext.com",6.74
571,"launchpad.net",6.74
572,"lemonde.fr",6.74
573,"sciencedaily.com",6.74
574,"edx.org",6.74
575,"smashwords.com",6.74
576,"philips.co.uk",6.74
577,"smile.amazon.com",6.74
578,"intel.com",6.74
579,"livestream.com",6.74
580,"brookings.edu",6.74
581,"thehill.com",6.73
582,"popsci.com",6.73
583,"blog.us.playstation.com",6.73
584,"fb.me",6.73
585,"academic.oup.com",6.73
586,"php.net",6.73
587,"wetransfer.com",6.72
588,"blog.livedoor.jp",6.72
589,"amazon.in",6.72
590,"families.google.com",6.72
591,"obsproject.com",6.72
592,"t.qq.com",6.72
593,"android.com",6.72
594,"blogs.windows.com",6.72
595,"hostgator.com",6.72
596,"google.gr",6.72
597,"theverge.com",6.72
598,"aub.edu.lb",6.72
599,"digiday.com",6.72
600,"gimp.org",6.72
601,"treasury.gov",6.72
602,"geocities.com",6.71
603,"healthline.com",6.71
604,"3.bp.blogspot.com",6.71
605,"coinbase.com",6.71
606,"gnu.org",6.71
607,"abc.com",6.71
608,"aljazeera.com",6.7
609,"getresponse.com",6.7
610,"dev.to",6.7
611,"thesun.co.uk",6.7
612,"lynda.com",6.7
613,"sellfy.com",6.7
614,"prnt.sc",6.7
615,"help.ubuntu.com",6.7
616,"whatsapp.com",6.7
617,"www8.hp.com",6.7
618,"notion.so",6.7
619,"vmware.com",6.7
620,"kraken.com",6.7
621,"vine.co",6.69
622,"marthastewart.com",6.69
623,"discord.me",6.69
624,"dailycaller.com",6.69
625,"mega.nz",6.69
626,"media.giphy.com",6.69
627,"flavors.me",6.69
628,"blip.tv",6.69
629,"prntscr.com",6.68
630,"journals.plos.org",6.68
631,"gravatar.com",6.68
632,"discogs.com",6.68
633,"europarl.europa.eu",6.68
634,"redhat.com",6.68
635,"bugs.chromium.org",6.68
636,"vanmiubeauty.com",6.68
637,"metro.co.uk",6.67
638,"google.ie",6.67
639,"relapse.com",6.67
640,"earth.google.com",6.67
641,"bandcamp.com",6.67
642,"br.linkedin.com",6.67
643,"gopro.com",6.67
644,"t.ly",6.67
645,"get.adobe.com",6.67
646,"news.mit.edu",6.67
647,"billboard.com",6.67
648,"britannica.com",6.67
649,"onlinelibrary.wiley.com",6.67
650,"techsmith.com",6.67
651,"sfgate.com",6.66
652,"redbubble.com",6.66
653,"kstatic.googleusercontent.com",6.66
654,"repubblica.it",6.66
655,"disqus.com",6.66
656,"khanacademy.org",6.66
657,"skfb.ly",6.66
658,"androidauthority.com",6.66
659,"accessify.com",6.66
660,"tensorflow.org",6.66
661,"chrisjdavis.org",6.66
662,"box.net",6.66
663,"poetryfoundation.org",6.66
664,"law.cornell.edu",6.65
665,"penguinrandomhouse.com",6.65
666,"refinery29.com",6.65
667,"starwars.com",6.65
668,"fr.linkedin.com",6.65
669,"video.google.com",6.65
670,"prnewswire.com",6.65
671,"springer.com",6.65
672,"zalo.me",6.64
673,"reverbnation.com",6.64
674,"getpocket.com",6.64
675,"webdesign.about.com",6.64
676,"goo.gle",6.64
677,"note.mu",6.64
678,"thetimes.co.uk",6.64
679,"fao.org",6.64
680,"bol.com",6.64
681,"yoursite.com",6.64
682,"sophos.com",6.64
683,"automattic.com",6.64
684,"podbean.com",6.64
685,"sublimetext.com",6.64
686,"archives.gov",6.64
687,"vizio.com",6.64
688,"thelancet.com",6.64
689,"guardian.co.uk",6.63
690,"news.nationalgeographic.com",6.63
691,"tunein.com",6.63
692,"stitcher.com",6.63
693,"coinmarketcap.com",6.63
694,"amnestyusa.org",6.63
695,"docs.wixstatic.com",6.63
696,"cambridge.org",6.63
697,"validator.w3.org",6.63
698,"asus.com",6.63
699,"problogger.net",6.63
700,"worldbank.org",6.62
701,"ticketportal.cz",6.62
702,"dw.com",6.62
703,"static.googleusercontent.com",6.62
704,"www-01.ibm.com",6.62
705,"business.google.com",6.62
706,"es.linkedin.com",6.62
707,"songkick.com",6.62
708,"adweek.com",6.62
709,"lifehack.org",6.62
710,"apple.co",6.62
711,"sutterhealth.org",6.62
712,"globalnews.ca",6.62
713,"breitbart.com",6.62
714,"thumbtack.com",6.61
715,"eff.org",6.61
716,"snopes.com",6.61
717,"crowdrise.com",6.61
718,"hkrsa.asia",6.61
719,"metmuseum.org",6.61
720,"pixlr.com",6.61
722,"institutvajrayogini.fr",6.61
723,"rhtlbn.mosgorcredit.ru",6.61
724,"itchyfeetonthecheap.com",6.61
725,"reacts.ru",6.61
726,"db.tt",6.61
727,"udacity.com",6.61
728,"we.tl",6.6
729,"blogtalkradio.com",6.6
730,"audacityteam.org",6.6
731,"youcaring.com",6.6
732,"hp.com",6.6
733,"0.gravatar.com",6.6
734,"health.harvard.edu",6.6
735,"meta.wikimedia.org",6.6
736,"google.ch",6.6
737,"nhs.uk",6.6
738,"mixi.jp",6.6
739,"symfony.com",6.6
740,"business.linkedin.com",6.6
741,"mtv.com",6.6
742,"1.gravatar.com",6.6
743,"cyber.law.harvard.edu",6.59
744,"bitcointalk.org",6.59
745,"esa.int",6.59
746,"slate.com",6.59
747,"oecd.org",6.59
748,"raspberrypi.org",6.59
749,"sfexaminer.com",6.59
750,"warriorforum.com",6.59
751,"g.page",6.59
752,"bhphotovideo.com",6.59
753,"axios.com",6.59
754,"pinterest.co.uk",6.59
755,"unesco.org",6.59
756,"msn.com",6.59
757,"code.visualstudio.com",6.59
758,"netbeans.org",6.59
759,"blockchain.info",6.59
760,"untappd.com",6.59
761,"espn.com",6.59
762,"cbs.com",6.59
763,"michigan.gov",6.58
764,"oprah.com",6.58
765,"ok.ru",6.58
766,"mhlw.go.jp",6.58
767,"newegg.com",6.58
768,"2.bp.blogspot.com",6.58
769,"pipes.yahoo.com",6.58
770,"themarthablog.com",6.58
771,"yummly.com",6.58
772,"bitpay.com",6.58
773,"buymeacoffee.com",6.58
774,"deepl.com",6.58
775,"blogs.scientificamerican.com",6.58
776,"audible.com",6.58
777,"bitbucket.org",6.58
778,"it.wikipedia.org",6.58
779,"in.linkedin.com",6.58
780,"cse.google.com",6.57
781,"use.typekit.net",6.57
782,"ru.wikipedia.org",6.57
783,"faz.net",6.57
784,"adf.ly",6.57
785,"cancerresearchuk.org",6.57
786,"moma.org",6.57
787,"bigthink.com",6.57
788,"bandsintown.com",6.57
789,"addthis.com",6.57
790,"support.office.com",6.57
791,"upi.com",6.57
792,"zen.yandex.ru",6.57
793,"collegehumor.com",6.57
794,"lefigaro.fr",6.57
795,"gplus.to",6.56
796,"themify.me",6.56
797,"rtve.es",6.56
798,"nba.com",6.56
799,"myfitnesspal.com",6.56
800,"chris.pirillo.com",6.56
801,"eonline.com",6.56
802,"science.sciencemag.org",6.56
803,"ietf.org",6.56
804,"ko-fi.com",6.55
805,"otto.de",6.55
806,"tkqlhce.com",6.55
807,"unity3d.com",6.55
808,"blog.naver.com",6.55
809,"scratch.mit.edu",6.55
810,"freewebs.com",6.55
811,"drift.com",6.55
812,"postmates.com",6.55
813,"geek.com",6.55
814,"geocities.jp",6.55
815,"beian.gov.cn",6.55
816,"meet.google.com",6.55
817,"flattr.com",6.55
818,"webroot.com",6.55
819,"thoughtcatalog.com",6.55
820,"google.pl",6.55
821,"seroundtable.com",6.55
822,"checkpoint.com",6.55
823,"form.jotform.com",6.55
824,"xbox.com",6.55
825,"infusionsoft.com",6.55
826,"g1.globo.com",6.54
827,"capterra.com",6.54
828,"ea.com",6.54
829,"hawaii.edu",6.54
830,"stock.adobe.com",6.54
831,"osha.gov",6.54
832,"buzzfeednews.com",6.54
833,"jstor.org",6.54
834,"adssettings.google.com",6.54
835,"iheart.com",6.54
836,"en-gb.facebook.com",6.54
837,"foodnetwork.com",6.54
838,"eventim.de",6.54
839,"economictimes.indiatimes.com",6.54
840,"presseportal.de",6.54
841,"google.se",6.54
842,"skillshare.com",6.54
843,"puu.sh",6.53
844,"examiner.com",6.53
845,"stripe.com",6.53
846,"firstdata.com",6.53
847,"en.advertisercommunity.com",6.53
848,"download.microsoft.com",6.53
849,"s-media-cache-ak0.pinimg.com",6.53
850,"ctt.ec",6.53
851,"cia.gov",6.53
852,"docker.com",6.53
853,"homedepot.com",6.53
854,"humblebundle.com",6.52
855,"chiark.greenend.org.uk",6.52
856,"pandora.com",6.52
857,"google.co.za",6.52
858,"payhip.com",6.52
859,"thingiverse.com",6.52
860,"inkscape.org",6.52
861,"adobe.ly",6.52
862,"css-tricks.com",6.52
863,"ja-jp.facebook.com",6.52
864,"jamanetwork.com",6.52
865,"maps.gstatic.com",6.52
866,"wattpad.com",6.52
867,"chase.com",6.52
868,"cisco.com",6.52
869,"bmj.com",6.52
870,"louvre.fr",6.52
871,"aclu.org",6.52
872,"squarespace.com",6.52
873,"gum.co",6.52
874,"idealo.de",6.52
875,"imore.com",6.52
876,"rakuten.com",6.52
877,"fbi.gov",6.52
878,"united.com",6.52
879,"google.pt",6.51
880,"event.on24.com",6.51
881,"nejm.org",6.51
882,"colorado.edu",6.51
883,"franchising.com",6.51
884,"logitech.com",6.51
885,"redbull.com",6.51
886,"tf1.fr",6.51
887,"keep.google.com",6.51
888,"hostinger.com",6.51
889,"nbc.com",6.51
890,"stats.g.doubleclick.net",6.51
891,"ign.com",6.51
892,"blog.hubspot.com",6.51
893,"1.envato.market",6.51
894,"accessdata.fda.gov",6.51
895,"google.be",6.51
896,"help.apple.com",6.51
897,"technorati.com",6.51
898,"pond5.com",6.51
899,"ucl.ac.uk",6.51
900,"a2hosting.com",6.51
901,"amzn.asia",6.5
902,"nicovideo.jp",6.5
903,"indiewire.com",6.5
904,"mp.weixin.qq.com",6.5
905,"codeproject.com",6.5
906,"1.usa.gov",6.5
907,"gleam.io",6.5
908,"space.com",6.5
909,"gitter.im",6.5
910,"lh5.ggpht.com",6.5
911,"leparisien.fr",6.5
912,"kotaku.com",6.5
913,"img.youtube.com",6.5
914,"huffingtonpost.co.uk",6.5
915,"agoda.com",6.5
916,"flow.microsoft.com",6.5
917,"chronicle.com",6.5
918,"createspace.com",6.5
919,"lh3.ggpht.com",6.5
920,"verizon.com",6.5
921,"teespring.com",6.49
922,"data.worldbank.org",6.49
923,"blog.goo.ne.jp",6.49
924,"kobo.com",6.49
925,"globalsign.com",6.49
926,"money.yandex.ru",6.49
927,"animoto.com",6.49
928,"google.co.nz",6.49
929,"privacy.microsoft.com",6.49
930,"online.wsj.com",6.49
931,"patft.uspto.gov",6.49
932,"rottentomatoes.com",6.49
933,"cell.com",6.49
934,"de.linkedin.com",6.49
935,"health.com",6.49
936,"geni.us",6.49
937,"news.harvard.edu",6.49
938,"lesechos.fr",6.49
939,"fas.org",6.49
940,"smashingmagazine.com",6.48
941,"7-zip.org",6.48
942,"realvnc.com",6.48
943,"news.discovery.com",6.48
944,"mlb.com",6.48
945,"autodesk.com",6.48
946,"popularmechanics.com",6.48
947,"forms.office.com",6.48
948,"rdio.com",6.48
949,"sendspace.com",6.48
950,"synology.com",6.48
951,"angelfire.com",6.48
952,"france24.com",6.48
953,"us.battle.net",6.48
954,"stjude.org",6.48
955,"denverpost.com",6.47
956,"japantimes.co.jp",6.47
957,"stocktwits.com",6.47
958,"blogs.adobe.com",6.47
959,"envato.com",6.47
960,"airtable.com",6.47
961,"ticketmaster.com",6.47
962,"ocw.mit.edu",6.47
963,"whc.unesco.org",6.47
964,"neh.gov",6.47
965,"purl.org",6.47
966,"nfl.com",6.47
967,"monster.com",6.47
968,"codex.wordpress.org",6.47
969,"dafont.com",6.47
970,"tesla.com",6.47
971,"lmgtfy.com",6.47
972,"olympic.org",6.47
973,"technet.microsoft.com",6.47
974,"baidu.com",6.47
975,"desktop.github.com",6.47
976,"overcast.fm",6.47
977,"allmusic.com",6.47
978,"cdbaby.com",6.47
979,"vsco.co",6.46
980,"nvidia.com",6.46
981,"stadt-bremerhaven.de",6.46
982,"faa.gov",6.46
983,"blogs.yahoo.co.jp",6.46
984,"bild.de",6.46
985,"lenovo.com",6.46
986,"funnyordie.com",6.46
987,"ssl.google-analytics.com",6.46
988,"abebooks.com",6.46
989,"spectrum.ieee.org",6.46
990,"thinkgeek.com",6.46
991,"snip.ly",6.46
992,"pixiv.net",6.46
993,"buzzsprout.com",6.46
994,"patents.google.com",6.46
995,"orcid.org",6.46
996,"cdn.ampproject.org",6.46
997,"blog.feedspot.com",6.46
998,"vr.google.com",6.46
999,"opinionator.blogs.nytimes.com",6.46
1000,"ericsson.com",6.46
